{
  "ba": {
    "height": 45,
    "paths": [
      "m 31.306302,21.368705 c -4.460888,-3.018035 -15.125712,-2.788848 -13.95859,5.054962 1.399863,9.407976 11.640566,4.569864 13.412883,3.159352",
      "m 19.932636,21.167656 8.214315,9.305726",
      "M 32.340272,13.154391 V 36.418707",
      "M 15.109956,12.59163 H 39.399617"
    ],
    "width": 50
  },
  "na": {
    "height": 45,
    "paths": [
      "m 18.942769,23.636849 c 1.317495,1.023065 2.012819,2.98861 1.195696,4.534147 -0.765445,1.44779 -2.685809,2.187843 -4.18898,1.437035 -1.636521,-0.817414 -2.33715,-2.869403 -1.77959,-4.578168 C 14.513269,23.977517 15.272901,22.932 17.551232,22.932 h 5.8922 8.422934",
      "M 32.368992,12.694849 V 36.361265",
      "m 11.603437,12.551242 h 27.9459"
    ],
    "width": 50
  },
  "ta": {
    "height": 45,
    "paths": [
      "M 19.699809,37.734274 C 16.937528,35.467 14.058217,32.12709 14.365476,28.283075 14.566461,24.069878 16.886992,23.112 21.972213,23.112 H 31.3166",
      "M 32.225387,12.608685 V 36.447428",
      "m 12.063594,12.713485 h 26.76737"
    ],
    "width": 50
  },
  "template": {
    "height": 45,
    "paths": [],
    "width": 50
  },
  "tha": {
    "height": 30,
    "paths": [
      "M 18.847387,3.8350228 V 10.882393",
      "m 18.6894 11.5286 c 5.50587 1.1616 7.83747 4.88261 7.62133 8.40843 c -0.229696 3.74694 -3.33673 7.27344 -8.56914 7.27344 c -6.92961 0 -9.99377 -3.74208 -10.0937 -7.58722 c -0.110846 -4.26439 3.42416 -8.65552 9.37568 -8.20953",
      "M 5.3339794,3.0845428 H 29.833316"
    ],
    "width": 35
  },
  "tha2": {
    "height": 30,
    "paths": [
      "M 18.847387,3.8350228 V 10.882393",
      "m 18.6894 11.5286 c 0.419707 0.0885477 0.82097 0.191968 1.20406 0.30904 c 0.410474 0.125439 0.80009 0.266552 1.16919 0.421837 c 0.395534 0.166406 0.767507 0.349087 1.11634 0.546196 c 0.373051 0.210793 0.719638 0.438087 1.04028 0.679623 c 0.341231 0.257049 0.653071 0.530228 0.936139 0.816814 c 0.298863 0.302577 0.565654 0.620098 0.801102 0.94936 c 0.245982 0.343993 0.457755 0.700801 0.636148 1.06677 c 0.184187 0.377854 0.332792 0.765474 0.44673 1.15884 c 0.116301 0.401523 0.196481 0.80903 0.241513 1.21824 c 0.0455185 0.413633 0.0551256 0.829009 0.0298261 1.24171 c -0.0253666 0.413795 -0.0858252 0.824902 -0.180363 1.22887 c -0.0941717 0.402401 -0.222159 0.797716 -0.382962 1.18154 c -0.1592 0.380002 -0.350563 0.748745 -0.573119 1.10196 c -0.218872 0.347365 -0.467912 0.67971 -0.746197 0.992971 c -0.271574 0.305708 -0.570999 0.593241 -0.897417 0.858825 c -0.315763 0.256916 -0.656786 0.493291 -1.02229 0.705709 c -0.350383 0.20363 -0.723264 0.385244 -1.11796 0.54183 c -0.375217 0.148859 -0.770146 0.275099 -1.1842 0.376135 c -0.390994 0.0954081 -0.799042 0.168341 -1.22365 0.216619 c -0.399165 0.0453858 -0.812964 0.0689835 -1.24098 0.0689835 c -0.488765 0 -0.958299 -0.0186164 -1.40892 -0.0545722 c -0.488329 -0.0389647 -0.954446 -0.0982922 -1.39875 -0.176358 c -0.4833 -0.0849163 -0.940794 -0.192003 -1.373 -0.31917 c -0.470935 -0.138561 -0.911849 -0.300962 -1.32341 -0.484496 c -0.447516 -0.199568 -0.860328 -0.424124 -1.2393 -0.670188 c -0.408953 -0.265533 -0.778496 -0.556113 -1.10971 -0.86737 c -0.352459 -0.33122 -0.661515 -0.685853 -0.928474 -1.05863 c -0.278836 -0.389364 -0.511745 -0.798524 -0.700214 -1.22148 c -0.193117 -0.433386 -0.339575 -0.881256 -0.440973 -1.33715 c -0.102305 -0.459976 -0.15874 -0.928121 -0.170946 -1.3978 c -0.0121927 -0.469069 0.0197268 -0.939672 0.0941225 -1.4052 c 0.0738784 -0.462293 0.189644 -0.919584 0.345696 -1.3654 c 0.154425 -0.441173 0.3483 -0.871112 0.580073 -1.28355 c 0.228538 -0.406679 0.493923 -0.79634 0.794667 -1.16297 c 0.294918 -0.35953 0.623838 -0.696914 0.985356 -1.00649 c 0.351578 -0.30106 0.733986 -0.575814 1.14593 -0.819051 c 0.396304 -0.234 0.819946 -0.438831 1.26978 -0.60985 c 0.427705 -0.162607 0.879087 -0.294648 1.35316 -0.392132 c 0.446031 -0.0917184 0.912146 -0.152847 1.39752 -0.180062 c 0.453223 -0.0254128 0.923239 -0.0212569 1.40938 0.015173",
      "M 5.3339794,3.0845428 H 29.833316"
    ],
    "width": 35
  },
  "va": {
    "height": 45,
    "paths": [
      "m 31.275963,21.826804 c -2.324206,-1.473246 -14.151688,-5.469262 -14.148465,4.653585 0.0027,8.407053 10.039188,6.585782 14.236246,3.045188",
      "m 32.250821,12.997812 v 23.43668",
      "M 15.109956,12.672867 H 39.56209"
    ],
    "width": 50
  }
}